Workbook
Name G_EQ: Inputs!$B$11
Name MODAL: Inputs!$B$6
Name N_STEPS: Inputs!$B$8
Name TARGET: Inputs!$B$7
Name TRADES_DEFAULT: Inputs!$B$9

Sheet Inputs
A1: KALKULATOR CUAN 2 MILIAR: 18 Langkah Compounding Sakti — Inputs
A3: Isi parameter utama di kolom biru.
A5: Nama Produk | B5: TRADER SAKTI: Cara Manual Trading Bikin Tajir 2 Miliar Tanpa Robot
A6: Modal Awal (Rp) | B6: 10000000
A7: Target (Rp) | B7: 1000000000
A8: Jumlah Langkah Compounding | B8: 18
A9: Trades per Langkah (default) | B9: 4
A11: Rata-rata Growth per Langkah (equalized) | B11: 0.29154967
A13: Catatan:
A14: • Rata-rata growth di B11 adalah panduan: kalau semua langkah pakai % yang sama, saldo akhir ≈ target. • Di sheet '18 Langkah', lo bisa ganti persen growth per langkah (custom). Grafik & KPI akan update otomatis. • 'Trades per Langkah' dipakai untuk hitung kebutuhan % per trade agar mencapai growth langkah tsb.

Sheet 18 Langkah
A1: KALKULATOR 18 LANGKAH — Compounding Sakti ke Rp2 Miliar
A3: # | B3: Growth / Langkah | C3: Saldo Awal | D3: Saldo Akhir | E3: Trades/Langkah | F3: Growth/Trade (butuh) | G3: Catatan | H3: ✓
A4: 1 | B4: 0.29154967 | C4: 10000000 | D4: 12915497 | E4: 4 | F4: 0.066050499 | H4: ☐ | J4: Saldo Akhir Setelah 18 Langkah | K4: 1000000000
A5: 2 | B5: 0.29154967 | C5: 12915497 | D5: 16681005 | E5: 4 | F5: 0.066050499 | H5: ☐ | J5: Gap ke Target | K5: 0
A6: 3 | B6: 0.29154967 | C6: 16681005 | D6: 21544347 | E6: 4 | F6: 0.066050499 | H6: ☐ | J6: Status Target | K6: TERCAPAI
A7: 4 | B7: 0.29154967 | C7: 21544347 | D7: 27825594 | E7: 4 | F7: 0.066050499 | H7: ☐
A8: 5 | B8: 0.29154967 | C8: 27825594 | D8: 35938137 | E8: 4 | F8: 0.066050499 | H8: ☐
A9: 6 | B9: 0.29154967 | C9: 35938137 | D9: 46415888 | E9: 4 | F9: 0.066050499 | H9: ☐
A10: 7 | B10: 0.29154967 | C10: 46415888 | D10: 59948425 | E10: 4 | F10: 0.066050499 | H10: ☐
A11: 8 | B11: 0.29154967 | C11: 59948425 | D11: 77426368 | E11: 4 | F11: 0.066050499 | H11: ☐
A12: 9 | B12: 0.29154967 | C12: 77426368 | D12: 100000000 | E12: 4 | F12: 0.066050499 | H12: ☐
A13: 10 | B13: 0.29154967 | C13: 100000000 | D13: 1.2915497e+08 | E13: 4 | F13: 0.066050499 | H13: ☐
A14: 11 | B14: 0.29154967 | C14: 1.2915497e+08 | D14: 1.6681005e+08 | E14: 4 | F14: 0.066050499 | H14: ☐
A15: 12 | B15: 0.29154967 | C15: 1.6681005e+08 | D15: 2.1544347e+08 | E15: 4 | F15: 0.066050499 | H15: ☐
A16: 13 | B16: 0.29154967 | C16: 2.1544347e+08 | D16: 2.7825594e+08 | E16: 4 | F16: 0.066050499 | H16: ☐
A17: 14 | B17: 0.29154967 | C17: 2.7825594e+08 | D17: 3.5938137e+08 | E17: 4 | F17: 0.066050499 | H17: ☐
A18: 15 | B18: 0.29154967 | C18: 3.5938137e+08 | D18: 4.6415888e+08 | E18: 4 | F18: 0.066050499 | H18: ☐
... A21: 18 | B21: 0.29154967 | C21: 7.7426368e+08 | D21: 1000000000 | E21: 4 | F21: 0.066050499 | H21: ☐

Sheet Presets
A1: Presets Growth per Langkah (copy ke kolom B di sheet '18 Langkah' jika mau)
A3: Equalized (semua sama) | B3: =G_EQ | C3: =G_EQ | D3: =G_EQ | E3: =G_EQ | F3: =G_EQ | G3: =G_EQ | H3: =G_EQ | I3: =G_EQ | ... S3: =G_EQ
A4: Konservatif → naik bertahap | B4: 0.04 | C4: 0.05 | D4: 0.05 | E4: 0.06 | F4: 0.06 | G4: 0.07 | H4: 0.07 | I4: 0.08 | J4: 0.08 | K4: 0.09 | L4: 0.09 | M4: 0.1 | N4: 0.11 | O4: 0.12 | P4: 0.13 | Q4: 0.14 | R4: 0.15 | S4: 0.16
A5: Moderate → 8–12% | B5: 0.08 | C5: 0.08 | D5: 0.09 | E5: 0.09 | F5: 0.1 | G5: 0.1 | H5: 0.1 | I5: 0.11 | J5: 0.11 | K5: 0.11 | L5: 0.12 | M5: 0.12 | N5: 0.12 | O5: 0.12 | P5: 0.12 | Q5: 0.12 | R5: 0.12 | S5: 0.12
A6: Agresif (berisiko tinggi) | B6: 0.12 | C6: 0.14 | D6: 0.15 | E6: 0.15 | F6: 0.16 | G6: 0.16 | H6: 0.17 | I6: 0.18 | J6: 0.18 | K6: 0.19 | L6: 0.2 | M6: 0.2 | N6: 0.21 | O6: 0.22 | P6: 0.22 | Q6: 0.23 | R6: 0.24 | S6: 0.25
A7: Catatan:
A8: • Preset hanyalah contoh. Pastikan realistis sesuai market & strategi. • Lo bebas mix & match. Copy angka-angka ke kolom 'Growth/Langkah' di sheet 18 Langkah. • Ingat risiko: Semakin besar target growth → semakin besar volatilitas & kemungkinan drawdown.

Sheet Dashboard
A1: DASHBOARD — 18 Langkah Compounding Sakti
A3: Modal Awal | B3: =MODAL | D3: Langkah | E3: Saldo Akhir | G3: Progress
A4: Target | B4: =TARGET | D4: 1 | E4: ='18 Langkah'!D4 | G4: Tercapai | H4: =MIN('18 Langkah'!K4,TARGET)
A5: Rata-rata Growth/Langkah (equalized) | B5: =G_EQ | D5: 2 | E5: ='18 Langkah'!D5 | G5: Sisa | H5: =MAX(TARGET-'18 Langkah'!K4,0)
A6: Saldo Akhir Setelah 18 Langkah | B6: ='18 Langkah'!D21 | D6: 3 | E6: ='18 Langkah'!D6
A7: Status Target | B7: ='18 Langkah'!K6 | D7: 4 | E7: ='18 Langkah'!D7
D8: 5 | E8: ='18 Langkah'!D8
A9: Progress ke Target | B9: ='18 Langkah'!K4/TARGET | D9: 6 | E9: ='18 Langkah'!D9
D10: 7 | E10: ='18 Langkah'!D10
D11: 8 | E11: ='18 Langkah'!D11
D12: 9 | E12: ='18 Langkah'!D12
D13: 10 | E13: ='18 Langkah'!D13
D14: 11 | E14: ='18 Langkah'!D14
D15: 12 | E15: ='18 Langkah'!D15
D16: 13 | E16: ='18 Langkah'!D16
D17: 14 | E17: ='18 Langkah'!D17
D18: 15 | E18: ='18 Langkah'!D18
D19: 16 | E19: ='18 Langkah'!D19
D20: 17 | E20: ='18 Langkah'!D20
D21: 18 | E21: ='18 Langkah'!D21
A27: Tips Pakai:
A29: 1) Ubah modal, target, jumlah langkah di sheet Inputs. 2) Di sheet '18 Langkah', lo bisa biarkan growth per langkah = equalized (B=G_EQ) atau ketik manual untuk custom. 3) Atur jumlah trade per langkah — kolom F otomatis hitung % per trade yang dibutuhkan. 4) Lihat Dashboard untuk progress & grafik. 5) Gunakan Presets sebagai inspirasi jalur compounding.
